sequence,exercise,sequence_status,camera_id,vggt_rotation_pairwise_p95_deg,vggt_center_dispersion_p95,refined_rotation_change_from_robust_init_deg,refined_center_change_from_robust_init,refined_center_change_scene_fraction,fx_change_fraction,fy_change_fraction,principal_point_change_px
barbellrow_0000,barbellrow,PASS,cam1,0.1442374080852089,0.0011003820292622899,0.0,0.0,0.0,0.0,0.0,0.0
barbellrow_0000,barbellrow,PASS,cam2,0.336223204168056,0.008212380959924506,0.5508695988590592,0.00035773497104764877,0.00010132014035805217,0.0,0.0,0.0
barbellrow_0000,barbellrow,PASS,cam3,0.3621999088789668,0.0029683690236826273,0.2111505146430187,0.0030842889192180005,0.0008735533607038074,0.0,0.0,0.0
barbellrow_0001,barbellrow,PASS,cam1,0.15734180930962413,0.001477469510122752,0.0,0.0,0.0,0.0,0.0,0.0
barbellrow_0001,barbellrow,PASS,cam2,0.982525399263499,0.011274981466733806,0.4510354280968658,0.0049365067821663874,0.0014178739422805286,0.0,0.0,0.0
barbellrow_0001,barbellrow,PASS,cam3,0.6315908971380914,0.0059535389680133105,0.20915808954270168,0.002973501396445634,0.0008540553742549126,0.0,0.0,0.0
barbellrow_0002,barbellrow,PASS,cam1,0.15534928008744583,0.001117191556438595,0.0,0.0,0.0,0.0,0.0,0.0
barbellrow_0002,barbellrow,PASS,cam2,0.3749568124685461,0.009798868187947063,0.5311678987286726,0.0035423302478243884,0.0010221570546570433,0.0,0.0,0.0
barbellrow_0002,barbellrow,PASS,cam3,0.24209811825164354,0.005910120439778492,0.799351522125273,0.002055581543106542,0.0005931483031542932,0.0,0.0,0.0
barbellrow_0003,barbellrow,REVIEW,cam1,0.1329295609071735,0.0026857200577213767,0.0,0.0,0.0,0.0,0.0,0.0
barbellrow_0003,barbellrow,REVIEW,cam2,0.5316077455944443,0.011933457726915425,0.25418249229391626,0.005342771176277863,0.001660953600512161,0.0,0.0,0.0
barbellrow_0003,barbellrow,REVIEW,cam3,0.6929488459571336,0.006156866803311811,0.48883750160633876,0.0036847838838979653,0.0011455207152130545,0.0,0.0,0.0
benchpress_0000,benchpress,PASS,cam1,0.09301502751404121,0.0011897037654410544,0.0,0.0,0.0,0.0,0.0,0.0
benchpress_0000,benchpress,PASS,cam2,0.4413863777986354,0.007994597310045402,0.0,1.9211597948723651e-10,6.689638416544789e-11,0.0,0.0,0.0
benchpress_0000,benchpress,PASS,cam3,0.5417188332090366,0.0046651666319252865,0.0,4.64812371052043e-10,1.6185153895965207e-10,0.0,0.0,0.0
benchpress_0001,benchpress,PASS,cam1,0.07642770575506946,0.0005567897140177464,0.0,0.0,0.0,0.0,0.0,0.0
benchpress_0001,benchpress,PASS,cam2,0.7220587166427107,0.006878268370606757,0.0007196273663443431,3.1388685408351753e-06,1.0910684161691972e-06,0.0,0.0,0.0
benchpress_0001,benchpress,PASS,cam3,0.33396246063101337,0.0032759193104914255,0.0011396781329512063,4.067476465376355e-06,1.4138518536691724e-06,0.0,0.0,0.0
benchpress_0002,benchpress,PASS,cam1,0.10409827678340618,0.0012856804944595722,0.0,0.0,0.0,0.0,0.0,0.0
benchpress_0002,benchpress,PASS,cam2,0.453268341621512,0.008583797888074932,0.5979400068125006,0.0007907618211338214,0.00028824710149092384,0.0,0.0,0.0
benchpress_0002,benchpress,PASS,cam3,0.4814471482605629,0.005663899678071107,0.06938493542801678,0.003740795381540332,0.0013635881212038915,0.0,0.0,0.0
benchpress_0003,benchpress,PASS,cam1,0.08565487917334436,0.0005753950590402516,0.0,0.0,0.0,0.0,0.0,0.0
benchpress_0003,benchpress,PASS,cam2,0.6070754121809616,0.006552829957660348,0.20488969302210736,0.00012016274801304187,4.2002155292231584e-05,0.0,0.0,0.0
benchpress_0003,benchpress,PASS,cam3,0.4460970892938648,0.0032261856653007007,0.06581604707009045,0.0009684525423167852,0.0003385166763257711,0.0,0.0,0.0
benchpress_0004,benchpress,PASS,cam1,0.06495741952597463,0.000752193312657509,0.0,0.0,0.0,0.0,0.0,0.0
benchpress_0004,benchpress,PASS,cam2,0.7110609671581081,0.005660557777840726,0.20596821480247315,0.0005831876255821575,0.00020094410781684943,0.0,0.0,0.0
benchpress_0004,benchpress,PASS,cam3,0.33357946080880974,0.004337516827678858,0.12426560984518782,0.003039211885878474,0.001047195952185339,0.0,0.0,0.0
deadlift_0000,deadlift,REVIEW,cam1,0.23158736209183034,0.002419272263725834,0.0,0.0,0.0,0.0,0.0,0.0
deadlift_0000,deadlift,REVIEW,cam2,0.709052693763974,0.013231296575063304,0.23647080903940498,0.0023212003106684817,0.0006085888068830624,0.0,0.0,0.0
deadlift_0000,deadlift,REVIEW,cam3,0.8341325715582231,0.022327555538888846,0.6667111211555522,0.0032243658357595227,0.0008453871679752922,0.0,0.0,0.0
deadlift_0001,deadlift,REVIEW,cam1,0.27384019438849944,0.001982508011145466,0.0,0.0,0.0,0.0,0.0,0.0
deadlift_0001,deadlift,REVIEW,cam2,1.246062863363088,0.016576947686915186,2.4201351456228615,0.006124500378019652,0.001577991846854452,0.0,0.0,0.0
deadlift_0001,deadlift,REVIEW,cam3,0.9752961551965335,0.008259071166861023,2.719014986769598,0.07712943802418297,0.019872580103257514,0.0,0.0,0.0
deadlift_0002,deadlift,REVIEW,cam1,0.23969151784660903,0.003330357500135199,0.0,0.0,0.0,0.0,0.0,0.0
deadlift_0002,deadlift,REVIEW,cam2,0.6741462623099371,0.00674636459079844,0.0007740558794998665,2.9704479615344424e-06,8.039160127920941e-07,0.0,0.0,0.0
deadlift_0002,deadlift,REVIEW,cam3,0.44133477366982826,0.006398184260418454,0.0020921677473966123,1.2845413534255347e-05,3.4764566707944405e-06,0.0,0.0,0.0
deadlift_0003,deadlift,REVIEW,cam1,0.2568238836915362,0.0034132304355320334,0.0,0.0,0.0,0.0,0.0,0.0
deadlift_0003,deadlift,REVIEW,cam2,1.094559879855476,0.022366216769786784,1.4950780409696252,0.0016534851464940574,0.0004430504617155297,0.0,0.0,0.0
deadlift_0003,deadlift,REVIEW,cam3,1.0067559139686475,0.02312397363784939,0.7877436063543115,0.015142098411245577,0.004057317180422856,0.0,0.0,0.0
latpulldown_0000,latpulldown,PASS,cam1,0.07710030606069507,0.0009376838120739775,0.0,0.0,0.0,0.0,0.0,0.0
latpulldown_0000,latpulldown,PASS,cam2,0.18582686539180154,0.002424850536992768,0.11577889221109168,0.000869433409777519,0.00030863093672936866,0.0,0.0,0.0
latpulldown_0000,latpulldown,PASS,cam3,0.1772546725231002,0.0027142843611791126,0.3666498739411057,0.0013227914546534592,0.0004695636964903044,0.0,0.0,0.0
latpulldown_0001,latpulldown,PASS,cam1,0.0434255209339897,0.0007284711086151788,0.0,0.0,0.0,0.0,0.0,0.0
latpulldown_0001,latpulldown,PASS,cam2,0.14280682539709386,0.0011678981276260956,0.33449941258626464,0.0008489806332765509,0.0002938816641615946,0.0,0.0,0.0
latpulldown_0001,latpulldown,PASS,cam3,0.20846529243104095,0.0033921721441041806,0.2604903851526426,0.007851405136687807,0.002717828790359564,0.0,0.0,0.0
latpulldown_0002,latpulldown,PASS,cam1,0.08658984292188873,0.0011024740725929117,0.0,0.0,0.0,0.0,0.0,0.0
latpulldown_0002,latpulldown,PASS,cam2,0.22777773253530156,0.0014898124656898412,4.831182115990019e-05,4.945409205343302e-07,1.664920257202432e-07,0.0,0.0,0.0
latpulldown_0002,latpulldown,PASS,cam3,0.30763939437670473,0.0035175154039029624,1.835116892281229e-05,4.186589427477255e-07,1.4094561758135737e-07,0.0,0.0,0.0
latpulldown_0003,latpulldown,REVIEW,cam1,0.07549135906611897,0.0006700574423694861,0.0,0.0,0.0,0.0,0.0,0.0
latpulldown_0003,latpulldown,REVIEW,cam2,0.20849601042547955,0.0018738675752650864,0.15038796176932967,0.0007430874821775831,0.00024287238188822752,0.0,0.0,0.0
latpulldown_0003,latpulldown,REVIEW,cam3,0.2798991387001886,0.003532296167625872,0.1972184712217202,0.002167079394930123,0.0007082930973957612,0.0,0.0,0.0
pushup_0000,pushup,REVIEW,cam1,0.17334309667698347,0.001587436077033861,0.0,0.0,0.0,0.0,0.0,0.0
pushup_0000,pushup,REVIEW,cam2,1.909994719820621,0.01428296922847457,0.39072392844382253,0.002680536196942942,0.001261354007688458,0.0,0.0,0.0
pushup_0000,pushup,REVIEW,cam3,1.3184663423085892,0.010393302502949278,2.550309955565573,0.004866904739329382,0.002290172318878684,0.0,0.0,0.0
pushup_0001,pushup,REVIEW,cam1,0.5010785623529257,0.001045781098296211,0.0,0.0,0.0,0.0,0.0,0.0
pushup_0001,pushup,REVIEW,cam2,1.2862592691177257,0.012211519187702708,0.5290351744527496,0.002862343619094431,0.0031909580521823234,0.0,0.0,0.0
pushup_0001,pushup,REVIEW,cam3,3.024123569871588,0.013095088841595682,0.8468742885317428,0.0003104094630533394,0.00034604635481082235,0.0,0.0,0.0
pushup_0002,pushup,REVIEW,cam1,0.23335022838415406,0.0024309219655494875,0.0,0.0,0.0,0.0,0.0,0.0
pushup_0002,pushup,REVIEW,cam2,1.2629135464398251,0.012875776290447182,1.7289392060890454,0.004709038699053163,0.0019794942637818007,0.0,0.0,0.0
pushup_0002,pushup,REVIEW,cam3,2.3479973522577553,0.03966168963256196,3.207233273598562,0.00797490639046177,0.003352336318087599,0.0,0.0,0.0
pushup_0003,pushup,FAIL,cam1,0.14295995965042946,0.003143625103215866,0.0,0.0,0.0,0.0,0.0,0.0
pushup_0003,pushup,FAIL,cam2,1.421551171766158,0.01295217412308279,2.50108409434217,0.011502794724535382,0.003627385443318176,0.0,0.0,0.0
pushup_0003,pushup,FAIL,cam3,3.372713671091773,0.0695398639276213,1.8569540537154836,0.010720576899810787,0.003380714471710047,0.0,0.0,0.0
pushup_0004,pushup,REVIEW,cam1,0.21669457043268425,0.0015928031261624586,0.0,0.0,0.0,0.0,0.0,0.0
pushup_0004,pushup,REVIEW,cam2,0.4596057055271254,0.004225680337529177,1.355099599705409,0.00323942424085024,0.0011046004696239665,0.0,0.0,0.0
pushup_0004,pushup,REVIEW,cam3,3.2965576513091235,0.03552890271970235,0.41248328723646177,0.0029717356808512947,0.0010133222401907665,0.0,0.0,0.0
squat_0000,squat,REVIEW,cam1,0.21763162432495237,0.001063559080558838,0.0,0.0,0.0,0.0,0.0,0.0
squat_0000,squat,REVIEW,cam2,3.377477527981547,0.02986467195814792,0.49024931573768954,0.0033131856086828747,0.001160328855367271,0.0,0.0,0.0
squat_0000,squat,REVIEW,cam3,1.0765148569697747,0.010025444076830755,0.9937410705541936,0.006475342826769578,0.002267765231928296,0.0,0.0,0.0
squat_0001,squat,REVIEW,cam1,0.3707675486013468,0.002907933307677125,0.0,0.0,0.0,0.0,0.0,0.0
squat_0001,squat,REVIEW,cam2,18.498496796828103,0.10253739071719328,1.5229555311809473,0.0010352993065323207,0.0003461922361439652,0.0,0.0,0.0
squat_0001,squat,REVIEW,cam3,1.0579701806837332,0.011539226526714947,0.38587604038434514,0.008918818063331833,0.0029823506590068837,0.0,0.0,0.0
squat_0002,squat,REVIEW,cam1,0.1834741483711105,0.001893640928035723,0.0,0.0,0.0,0.0,0.0,0.0
squat_0002,squat,REVIEW,cam2,7.896682474604452,0.05514393865596526,1.1899592543981101,0.015619050597390834,0.005291063655632728,0.0,0.0,0.0
squat_0002,squat,REVIEW,cam3,0.47079439525532574,0.00855765271669696,3.1929434880577343,0.015167367762917328,0.005138052906710821,0.0,0.0,0.0
squat_0003,squat,REVIEW,cam1,0.46962815898998955,0.002983333511869,0.0,0.0,0.0,0.0,0.0,0.0
squat_0003,squat,REVIEW,cam2,2.407078287413996,0.021160723722220734,0.46228409671367865,0.004178162239751687,0.001430989214141271,0.0,0.0,0.0
squat_0003,squat,REVIEW,cam3,0.9039230564026491,0.00804844588190688,0.18067683922630842,0.002829674522604053,0.0009691422900843124,0.0,0.0,0.0
