sequence,exercise,camera_id,sequence_status,uncertainty_reasons,vggt_rotation_pairwise_p95_deg,vggt_center_dispersion_p95,refined_rotation_change_deg,refined_center_change_scene_fraction,accepted_observations,post_residual_median_px,post_residual_p90_px,post_residual_p95_px,good_samples,downweighted_samples,rejected_samples,radial_pattern,uncertainty_semantics
barbellrow_0000,barbellrow,cam1,PASS,[],0.1442374080852089,0.0011003820292622899,0.0,0.0,208,2.151853663583176,6.035545222050741,9.099141843223684,8,0,0,NO_STRONG_RADIAL_PATTERN,"inherits existing sequence acceptance; raw diagnostics, no new threshold"
barbellrow_0000,barbellrow,cam2,PASS,[],0.336223204168056,0.008212380959924506,0.5508695988590592,0.00010132014035805217,155,3.833530161192991,10.26415167226698,12.38581702093316,8,0,0,NO_STRONG_RADIAL_PATTERN,"inherits existing sequence acceptance; raw diagnostics, no new threshold"
barbellrow_0000,barbellrow,cam3,PASS,[],0.3621999088789668,0.0029683690236826273,0.2111505146430187,0.0008735533607038074,201,3.0268029906030534,6.029938834248263,8.668805411465375,8,0,0,NO_STRONG_RADIAL_PATTERN,"inherits existing sequence acceptance; raw diagnostics, no new threshold"
barbellrow_0001,barbellrow,cam1,PASS,[],0.15734180930962413,0.001477469510122752,0.0,0.0,152,3.327294691418275,6.267297093562309,7.836826006568731,8,0,0,NO_STRONG_RADIAL_PATTERN,"inherits existing sequence acceptance; raw diagnostics, no new threshold"
barbellrow_0001,barbellrow,cam2,PASS,[],0.982525399263499,0.011274981466733806,0.4510354280968658,0.0014178739422805286,162,3.740489145279624,9.996150853791839,11.207488855987899,8,0,0,NO_STRONG_RADIAL_PATTERN,"inherits existing sequence acceptance; raw diagnostics, no new threshold"
barbellrow_0001,barbellrow,cam3,PASS,[],0.6315908971380914,0.0059535389680133105,0.20915808954270168,0.0008540553742549126,125,3.3045191175299373,8.239282275674642,9.05463140388236,8,0,0,NO_STRONG_RADIAL_PATTERN,"inherits existing sequence acceptance; raw diagnostics, no new threshold"
barbellrow_0002,barbellrow,cam1,PASS,[],0.15534928008744583,0.001117191556438595,0.0,0.0,163,1.9710354817148439,4.634143147137153,5.945749605469066,8,0,0,NO_STRONG_RADIAL_PATTERN,"inherits existing sequence acceptance; raw diagnostics, no new threshold"
barbellrow_0002,barbellrow,cam2,PASS,[],0.3749568124685461,0.009798868187947063,0.5311678987286726,0.0010221570546570433,125,2.741673015618879,11.255113818927892,13.6116414402775,8,0,0,NO_STRONG_RADIAL_PATTERN,"inherits existing sequence acceptance; raw diagnostics, no new threshold"
barbellrow_0002,barbellrow,cam3,PASS,[],0.24209811825164354,0.005910120439778492,0.799351522125273,0.0005931483031542932,174,2.283982179338854,4.992868364662234,7.259682000554308,8,0,0,NO_STRONG_RADIAL_PATTERN,"inherits existing sequence acceptance; raw diagnostics, no new threshold"
barbellrow_0003,barbellrow,cam1,REVIEW,"[""LIMITED_TRACK_SUPPORT""]",0.1329295609071735,0.0026857200577213767,0.0,0.0,108,2.2845504183513548,6.4030786408278,11.721984780661165,7,1,0,NO_STRONG_RADIAL_PATTERN,"inherits existing sequence acceptance; raw diagnostics, no new threshold"
barbellrow_0003,barbellrow,cam2,REVIEW,"[""LIMITED_TRACK_SUPPORT""]",0.5316077455944443,0.011933457726915425,0.25418249229391626,0.001660953600512161,116,2.5377199363696183,4.239648668612189,4.599367659679711,8,0,0,NO_STRONG_RADIAL_PATTERN,"inherits existing sequence acceptance; raw diagnostics, no new threshold"
barbellrow_0003,barbellrow,cam3,REVIEW,"[""LIMITED_TRACK_SUPPORT""]",0.6929488459571336,0.006156866803311811,0.48883750160633876,0.0011455207152130545,117,4.198459608205923,8.142056483527456,10.335717437766936,7,1,0,NO_STRONG_RADIAL_PATTERN,"inherits existing sequence acceptance; raw diagnostics, no new threshold"
benchpress_0000,benchpress,cam1,PASS,[],0.09301502751404121,0.0011897037654410544,0.0,0.0,332,1.7021098355103175,7.4390764973232,9.695921875877673,8,0,0,NO_STRONG_RADIAL_PATTERN,"inherits existing sequence acceptance; raw diagnostics, no new threshold"
benchpress_0000,benchpress,cam2,PASS,[],0.4413863777986354,0.007994597310045402,0.0,6.689638416544789e-11,167,5.322103433740959,7.605827313285243,8.86894340525131,7,1,0,NO_STRONG_RADIAL_PATTERN,"inherits existing sequence acceptance; raw diagnostics, no new threshold"
benchpress_0000,benchpress,cam3,PASS,[],0.5417188332090366,0.0046651666319252865,0.0,1.6185153895965207e-10,331,2.5367178851765813,10.183846624843527,11.01036797934967,8,0,0,NO_STRONG_RADIAL_PATTERN,"inherits existing sequence acceptance; raw diagnostics, no new threshold"
benchpress_0001,benchpress,cam1,PASS,[],0.07642770575506946,0.0005567897140177464,0.0,0.0,329,1.338717958066048,6.6720395952042235,7.411319751711805,8,0,0,NO_STRONG_RADIAL_PATTERN,"inherits existing sequence acceptance; raw diagnostics, no new threshold"
benchpress_0001,benchpress,cam2,PASS,[],0.7220587166427107,0.006878268370606757,0.0007196273663443431,1.0910684161691972e-06,152,5.218047713410407,7.860648382221373,8.871254567227574,8,0,0,NO_STRONG_RADIAL_PATTERN,"inherits existing sequence acceptance; raw diagnostics, no new threshold"
benchpress_0001,benchpress,cam3,PASS,[],0.33396246063101337,0.0032759193104914255,0.0011396781329512063,1.4138518536691724e-06,358,2.48812516991781,9.53023328819328,11.27640418815194,8,0,0,NO_STRONG_RADIAL_PATTERN,"inherits existing sequence acceptance; raw diagnostics, no new threshold"
benchpress_0002,benchpress,cam1,PASS,[],0.10409827678340618,0.0012856804944595722,0.0,0.0,302,1.5616547283969489,7.2936316254794225,11.913479288813203,8,0,0,NO_STRONG_RADIAL_PATTERN,"inherits existing sequence acceptance; raw diagnostics, no new threshold"
benchpress_0002,benchpress,cam2,PASS,[],0.453268341621512,0.008583797888074932,0.5979400068125006,0.00028824710149092384,144,2.08544660316295,5.337642957495595,10.117920014101063,8,0,0,NO_STRONG_RADIAL_PATTERN,"inherits existing sequence acceptance; raw diagnostics, no new threshold"
benchpress_0002,benchpress,cam3,PASS,[],0.4814471482605629,0.005663899678071107,0.06938493542801678,0.0013635881212038915,280,2.289956137967482,9.086501811488704,13.534352901166667,8,0,0,NO_STRONG_RADIAL_PATTERN,"inherits existing sequence acceptance; raw diagnostics, no new threshold"
benchpress_0003,benchpress,cam1,PASS,[],0.08565487917334436,0.0005753950590402516,0.0,0.0,295,1.9026981961754208,4.946368221746383,7.804484985123084,8,0,0,NO_STRONG_RADIAL_PATTERN,"inherits existing sequence acceptance; raw diagnostics, no new threshold"
benchpress_0003,benchpress,cam2,PASS,[],0.6070754121809616,0.006552829957660348,0.20488969302210736,4.2002155292231584e-05,128,1.9670043548606073,5.066816166375992,9.754208394646986,8,0,0,NO_STRONG_RADIAL_PATTERN,"inherits existing sequence acceptance; raw diagnostics, no new threshold"
benchpress_0003,benchpress,cam3,PASS,[],0.4460970892938648,0.0032261856653007007,0.06581604707009045,0.0003385166763257711,339,1.9784956332476018,6.566734191055446,8.411367123884261,8,0,0,NO_STRONG_RADIAL_PATTERN,"inherits existing sequence acceptance; raw diagnostics, no new threshold"
benchpress_0004,benchpress,cam1,PASS,[],0.06495741952597463,0.000752193312657509,0.0,0.0,315,2.1059485904517303,6.317708406677669,9.780207397102556,8,0,0,NO_STRONG_RADIAL_PATTERN,"inherits existing sequence acceptance; raw diagnostics, no new threshold"
benchpress_0004,benchpress,cam2,PASS,[],0.7110609671581081,0.005660557777840726,0.20596821480247315,0.00020094410781684943,143,2.180911870943296,6.939444858722984,9.63119753595472,8,0,0,NO_STRONG_RADIAL_PATTERN,"inherits existing sequence acceptance; raw diagnostics, no new threshold"
benchpress_0004,benchpress,cam3,PASS,[],0.33357946080880974,0.004337516827678858,0.12426560984518782,0.001047195952185339,344,2.3032775123114746,5.845129132590846,9.497223671067259,8,0,0,NO_STRONG_RADIAL_PATTERN,"inherits existing sequence acceptance; raw diagnostics, no new threshold"
deadlift_0000,deadlift,cam1,REVIEW,"[""LIMITED_TRACK_SUPPORT""]",0.23158736209183034,0.002419272263725834,0.0,0.0,145,1.7374201689898938,4.004615582645398,4.715596916083672,8,0,0,NO_STRONG_RADIAL_PATTERN,"inherits existing sequence acceptance; raw diagnostics, no new threshold"
deadlift_0000,deadlift,cam2,REVIEW,"[""LIMITED_TRACK_SUPPORT""]",0.709052693763974,0.013231296575063304,0.23647080903940498,0.0006085888068830624,132,3.167940876718119,6.868928293931488,7.805753964973219,8,0,0,NO_STRONG_RADIAL_PATTERN,"inherits existing sequence acceptance; raw diagnostics, no new threshold"
deadlift_0000,deadlift,cam3,REVIEW,"[""LIMITED_TRACK_SUPPORT""]",0.8341325715582231,0.022327555538888846,0.6667111211555522,0.0008453871679752922,122,1.9301563496214262,10.530847586954035,12.205651103865451,8,0,0,NO_STRONG_RADIAL_PATTERN,"inherits existing sequence acceptance; raw diagnostics, no new threshold"
deadlift_0001,deadlift,cam1,REVIEW,"[""LIMITED_TRACK_SUPPORT""]",0.27384019438849944,0.001982508011145466,0.0,0.0,81,3.5739360771087623,7.624323787806881,8.771443223762045,6,2,0,NO_STRONG_RADIAL_PATTERN,"inherits existing sequence acceptance; raw diagnostics, no new threshold"
deadlift_0001,deadlift,cam2,REVIEW,"[""LIMITED_TRACK_SUPPORT""]",1.246062863363088,0.016576947686915186,2.4201351456228615,0.001577991846854452,120,3.1032358499756447,9.675549290571448,12.257437679395018,8,0,0,NO_STRONG_RADIAL_PATTERN,"inherits existing sequence acceptance; raw diagnostics, no new threshold"
deadlift_0001,deadlift,cam3,REVIEW,"[""LIMITED_TRACK_SUPPORT""]",0.9752961551965335,0.008259071166861023,2.719014986769598,0.019872580103257514,117,3.915239074885874,7.234951212517527,10.25337098223669,8,0,0,NO_STRONG_RADIAL_PATTERN,"inherits existing sequence acceptance; raw diagnostics, no new threshold"
deadlift_0002,deadlift,cam1,REVIEW,"[""LIMITED_TRACK_SUPPORT""]",0.23969151784660903,0.003330357500135199,0.0,0.0,85,3.168070662928106,5.674550884608105,6.248772336357972,8,0,0,NO_STRONG_RADIAL_PATTERN,"inherits existing sequence acceptance; raw diagnostics, no new threshold"
deadlift_0002,deadlift,cam2,REVIEW,"[""LIMITED_TRACK_SUPPORT""]",0.6741462623099371,0.00674636459079844,0.0007740558794998665,8.039160127920941e-07,81,3.2874468056881976,8.91073748902106,10.781312243326049,8,0,0,NO_STRONG_RADIAL_PATTERN,"inherits existing sequence acceptance; raw diagnostics, no new threshold"
deadlift_0002,deadlift,cam3,REVIEW,"[""LIMITED_TRACK_SUPPORT""]",0.44133477366982826,0.006398184260418454,0.0020921677473966123,3.4764566707944405e-06,69,4.375366126254854,7.577990639406822,10.396110775786088,7,1,0,NO_STRONG_RADIAL_PATTERN,"inherits existing sequence acceptance; raw diagnostics, no new threshold"
deadlift_0003,deadlift,cam1,REVIEW,"[""LIMITED_TRACK_SUPPORT""]",0.2568238836915362,0.0034132304355320334,0.0,0.0,74,2.3586393930451255,5.368072557249437,9.13806180539,8,0,0,NO_STRONG_RADIAL_PATTERN,"inherits existing sequence acceptance; raw diagnostics, no new threshold"
deadlift_0003,deadlift,cam2,REVIEW,"[""LIMITED_TRACK_SUPPORT""]",1.094559879855476,0.022366216769786784,1.4950780409696252,0.0004430504617155297,92,1.9383795853033297,6.376753694506149,9.872631208754363,8,0,0,NO_STRONG_RADIAL_PATTERN,"inherits existing sequence acceptance; raw diagnostics, no new threshold"
deadlift_0003,deadlift,cam3,REVIEW,"[""LIMITED_TRACK_SUPPORT""]",1.0067559139686475,0.02312397363784939,0.7877436063543115,0.004057317180422856,70,2.829423843625971,8.838891706297622,9.168447768007224,8,0,0,NO_STRONG_RADIAL_PATTERN,"inherits existing sequence acceptance; raw diagnostics, no new threshold"
latpulldown_0000,latpulldown,cam1,PASS,[],0.07710030606069507,0.0009376838120739775,0.0,0.0,186,1.833054132187729,7.150902711569042,7.524610722141182,8,0,0,NO_STRONG_RADIAL_PATTERN,"inherits existing sequence acceptance; raw diagnostics, no new threshold"
latpulldown_0000,latpulldown,cam2,PASS,[],0.18582686539180154,0.002424850536992768,0.11577889221109168,0.00030863093672936866,134,1.7498130972444108,4.714600215450505,6.982268737649807,8,0,0,NO_STRONG_RADIAL_PATTERN,"inherits existing sequence acceptance; raw diagnostics, no new threshold"
latpulldown_0000,latpulldown,cam3,PASS,[],0.1772546725231002,0.0027142843611791126,0.3666498739411057,0.0004695636964903044,143,1.9220660647554246,4.714872335431548,7.0212620124436365,8,0,0,NO_STRONG_RADIAL_PATTERN,"inherits existing sequence acceptance; raw diagnostics, no new threshold"
latpulldown_0001,latpulldown,cam1,PASS,[],0.0434255209339897,0.0007284711086151788,0.0,0.0,169,2.5439545703734394,4.748243718651088,8.501018502779523,8,0,0,NO_STRONG_RADIAL_PATTERN,"inherits existing sequence acceptance; raw diagnostics, no new threshold"
latpulldown_0001,latpulldown,cam2,PASS,[],0.14280682539709386,0.0011678981276260956,0.33449941258626464,0.0002938816641615946,138,2.244128884117159,5.001468909782791,5.680519355701778,8,0,0,NO_STRONG_RADIAL_PATTERN,"inherits existing sequence acceptance; raw diagnostics, no new threshold"
latpulldown_0001,latpulldown,cam3,PASS,[],0.20846529243104095,0.0033921721441041806,0.2604903851526426,0.002717828790359564,159,1.8922118096123965,5.370388810871615,9.376609508056795,7,1,0,NO_STRONG_RADIAL_PATTERN,"inherits existing sequence acceptance; raw diagnostics, no new threshold"
latpulldown_0002,latpulldown,cam1,PASS,[],0.08658984292188873,0.0011024740725929117,0.0,0.0,140,3.787329397586452,10.150422272035346,11.194245942299245,8,0,0,NO_STRONG_RADIAL_PATTERN,"inherits existing sequence acceptance; raw diagnostics, no new threshold"
latpulldown_0002,latpulldown,cam2,PASS,[],0.22777773253530156,0.0014898124656898412,4.831182115990019e-05,1.664920257202432e-07,145,3.383562605257077,8.380918344173228,10.220799671269052,8,0,0,NO_STRONG_RADIAL_PATTERN,"inherits existing sequence acceptance; raw diagnostics, no new threshold"
latpulldown_0002,latpulldown,cam3,PASS,[],0.30763939437670473,0.0035175154039029624,1.835116892281229e-05,1.4094561758135737e-07,145,3.433750841841521,9.167681426261336,11.98905903303902,8,0,0,NO_STRONG_RADIAL_PATTERN,"inherits existing sequence acceptance; raw diagnostics, no new threshold"
latpulldown_0003,latpulldown,cam1,REVIEW,"[""TAIL_REPROJECTION_WORSENED""]",0.07549135906611897,0.0006700574423694861,0.0,0.0,173,3.1588218883033705,9.445481324422252,14.943250292788651,8,0,0,NO_STRONG_RADIAL_PATTERN,"inherits existing sequence acceptance; raw diagnostics, no new threshold"
latpulldown_0003,latpulldown,cam2,REVIEW,"[""TAIL_REPROJECTION_WORSENED""]",0.20849601042547955,0.0018738675752650864,0.15038796176932967,0.00024287238188822752,170,2.0119848763663812,8.073909547234853,10.792745986088011,8,0,0,NO_STRONG_RADIAL_PATTERN,"inherits existing sequence acceptance; raw diagnostics, no new threshold"
latpulldown_0003,latpulldown,cam3,REVIEW,"[""TAIL_REPROJECTION_WORSENED""]",0.2798991387001886,0.003532296167625872,0.1972184712217202,0.0007082930973957612,126,3.366396879980066,10.013617099957965,10.922577656910926,6,2,0,NO_STRONG_RADIAL_PATTERN,"inherits existing sequence acceptance; raw diagnostics, no new threshold"
pushup_0000,pushup,cam1,REVIEW,"[""TAIL_REPROJECTION_WORSENED"", ""LIMITED_TRACK_SUPPORT"", ""NO_THREE_CAMERA_TRACKS""]",0.17334309667698347,0.001587436077033861,0.0,0.0,44,2.6591388170166863,10.345591613382132,11.317697704726449,7,1,0,NO_STRONG_RADIAL_PATTERN,"inherits existing sequence acceptance; raw diagnostics, no new threshold"
pushup_0000,pushup,cam2,REVIEW,"[""TAIL_REPROJECTION_WORSENED"", ""LIMITED_TRACK_SUPPORT"", ""NO_THREE_CAMERA_TRACKS""]",1.909994719820621,0.01428296922847457,0.39072392844382253,0.001261354007688458,86,2.8694617991444797,9.840214531834363,10.192367512121589,8,0,0,NO_STRONG_RADIAL_PATTERN,"inherits existing sequence acceptance; raw diagnostics, no new threshold"
pushup_0000,pushup,cam3,REVIEW,"[""TAIL_REPROJECTION_WORSENED"", ""LIMITED_TRACK_SUPPORT"", ""NO_THREE_CAMERA_TRACKS""]",1.3184663423085892,0.010393302502949278,2.550309955565573,0.002290172318878684,87,3.314644940919459,5.260272914151868,10.408240392513353,8,0,0,NO_STRONG_RADIAL_PATTERN,"inherits existing sequence acceptance; raw diagnostics, no new threshold"
pushup_0001,pushup,cam1,REVIEW,"[""LIMITED_TRACK_SUPPORT"", ""NO_THREE_CAMERA_TRACKS""]",0.5010785623529257,0.001045781098296211,0.0,0.0,40,2.5051162181655764,4.11498395430232,7.1928416511404665,8,0,0,NO_STRONG_RADIAL_PATTERN,"inherits existing sequence acceptance; raw diagnostics, no new threshold"
pushup_0001,pushup,cam2,REVIEW,"[""LIMITED_TRACK_SUPPORT"", ""NO_THREE_CAMERA_TRACKS""]",1.2862592691177257,0.012211519187702708,0.5290351744527496,0.0031909580521823234,111,2.577622202610467,5.635635442795881,9.940901718413352,8,0,0,NO_STRONG_RADIAL_PATTERN,"inherits existing sequence acceptance; raw diagnostics, no new threshold"
pushup_0001,pushup,cam3,REVIEW,"[""LIMITED_TRACK_SUPPORT"", ""NO_THREE_CAMERA_TRACKS""]",3.024123569871588,0.013095088841595682,0.8468742885317428,0.00034604635481082235,86,1.6154129839020643,2.8289152706986416,3.000103800775138,8,0,0,NO_STRONG_RADIAL_PATTERN,"inherits existing sequence acceptance; raw diagnostics, no new threshold"
pushup_0002,pushup,cam1,REVIEW,"[""LIMITED_TRACK_SUPPORT"", ""NO_THREE_CAMERA_TRACKS""]",0.23335022838415406,0.0024309219655494875,0.0,0.0,76,2.2625116475749207,6.483506854364503,6.521231854927678,8,0,0,NO_STRONG_RADIAL_PATTERN,"inherits existing sequence acceptance; raw diagnostics, no new threshold"
pushup_0002,pushup,cam2,REVIEW,"[""LIMITED_TRACK_SUPPORT"", ""NO_THREE_CAMERA_TRACKS""]",1.2629135464398251,0.012875776290447182,1.7289392060890454,0.0019794942637818007,69,2.210092561885366,4.757888847468127,7.123903167712392,8,0,0,NO_STRONG_RADIAL_PATTERN,"inherits existing sequence acceptance; raw diagnostics, no new threshold"
pushup_0002,pushup,cam3,REVIEW,"[""LIMITED_TRACK_SUPPORT"", ""NO_THREE_CAMERA_TRACKS""]",2.3479973522577553,0.03966168963256196,3.207233273598562,0.003352336318087599,19,0.5806505129850175,2.3167955592314664,2.393862131138339,7,1,0,NO_STRONG_RADIAL_PATTERN,"inherits existing sequence acceptance; raw diagnostics, no new threshold"
pushup_0003,pushup,cam1,REVIEW,"[""LIMITED_TRACK_SUPPORT""]",0.14295995965042946,0.003143625103215866,0.0,0.0,30,2.510634216832428,4.985979750270339,7.085388627337983,8,0,0,NO_STRONG_RADIAL_PATTERN,"inherits existing sequence acceptance; raw diagnostics, no new threshold"
pushup_0003,pushup,cam2,REVIEW,"[""LIMITED_TRACK_SUPPORT""]",1.421551171766158,0.01295217412308279,2.5381488821241467,0.003830408511127825,72,3.134577506458575,6.569111452664546,9.186354854704009,8,0,0,NO_STRONG_RADIAL_PATTERN,"inherits existing sequence acceptance; raw diagnostics, no new threshold"
pushup_0003,pushup,cam3,REVIEW,"[""LIMITED_TRACK_SUPPORT""]",3.372713671091773,0.0695398639276213,1.8585467232962887,0.0034935168580505346,81,2.37439268442905,4.865495466006791,4.9460224605634036,8,0,0,NO_STRONG_RADIAL_PATTERN,"inherits existing sequence acceptance; raw diagnostics, no new threshold"
pushup_0004,pushup,cam1,REVIEW,"[""LIMITED_TRACK_SUPPORT"", ""NO_THREE_CAMERA_TRACKS""]",0.21669457043268425,0.0015928031261624586,0.0,0.0,75,2.2087317757357647,5.8630228849722785,7.697782485056745,8,0,0,NO_STRONG_RADIAL_PATTERN,"inherits existing sequence acceptance; raw diagnostics, no new threshold"
pushup_0004,pushup,cam2,REVIEW,"[""LIMITED_TRACK_SUPPORT"", ""NO_THREE_CAMERA_TRACKS""]",0.4596057055271254,0.004225680337529177,1.355099599705409,0.0011046004696239665,47,2.057298941272109,5.217784700105495,6.849124089078282,8,0,0,NO_STRONG_RADIAL_PATTERN,"inherits existing sequence acceptance; raw diagnostics, no new threshold"
pushup_0004,pushup,cam3,REVIEW,"[""LIMITED_TRACK_SUPPORT"", ""NO_THREE_CAMERA_TRACKS""]",3.2965576513091235,0.03552890271970235,0.41248328723646177,0.0010133222401907665,84,2.3685993922483632,4.674559053411287,7.162081134940067,7,1,0,NO_STRONG_RADIAL_PATTERN,"inherits existing sequence acceptance; raw diagnostics, no new threshold"
squat_0000,squat,cam1,REVIEW,"[""LIMITED_TRACK_SUPPORT""]",0.21763162432495237,0.001063559080558838,0.0,0.0,68,3.175045106607782,5.648390949277384,5.7865833872818495,8,0,0,NO_STRONG_RADIAL_PATTERN,"inherits existing sequence acceptance; raw diagnostics, no new threshold"
squat_0000,squat,cam2,REVIEW,"[""LIMITED_TRACK_SUPPORT""]",3.377477527981547,0.02986467195814792,0.49024931573768954,0.001160328855367271,53,4.290283457812722,7.086483753176685,7.143173040484925,6,2,0,NO_STRONG_RADIAL_PATTERN,"inherits existing sequence acceptance; raw diagnostics, no new threshold"
squat_0000,squat,cam3,REVIEW,"[""LIMITED_TRACK_SUPPORT""]",1.0765148569697747,0.010025444076830755,0.9937410705541936,0.002267765231928296,77,2.650556226807632,7.6913501878956705,8.387924818270408,8,0,0,NO_STRONG_RADIAL_PATTERN,"inherits existing sequence acceptance; raw diagnostics, no new threshold"
squat_0001,squat,cam1,REVIEW,"[""TAIL_REPROJECTION_WORSENED"", ""LIMITED_TRACK_SUPPORT"", ""CAM2_VGGT_OUTLIER_REQUIRES_UNCERTAINTY_PROPAGATION""]",0.3707675486013468,0.002907933307677125,0.0,0.0,121,3.6449971186570376,7.762671109397003,11.075140004614775,8,0,0,NO_STRONG_RADIAL_PATTERN,"inherits existing sequence acceptance; raw diagnostics, no new threshold"
squat_0001,squat,cam2,REVIEW,"[""TAIL_REPROJECTION_WORSENED"", ""LIMITED_TRACK_SUPPORT"", ""CAM2_VGGT_OUTLIER_REQUIRES_UNCERTAINTY_PROPAGATION""]",18.498496796828103,0.10253739071719328,1.5229555311809473,0.0003461922361439652,39,4.085136528455445,5.505714913513169,13.444708104187352,5,2,1,NO_STRONG_RADIAL_PATTERN,"inherits existing sequence acceptance; raw diagnostics, no new threshold"
squat_0001,squat,cam3,REVIEW,"[""TAIL_REPROJECTION_WORSENED"", ""LIMITED_TRACK_SUPPORT"", ""CAM2_VGGT_OUTLIER_REQUIRES_UNCERTAINTY_PROPAGATION""]",1.0579701806837332,0.011539226526714947,0.38587604038434514,0.0029823506590068837,129,3.302575761115203,6.300407785119446,9.247129985678523,8,0,0,NO_STRONG_RADIAL_PATTERN,"inherits existing sequence acceptance; raw diagnostics, no new threshold"
squat_0002,squat,cam1,REVIEW,"[""LIMITED_TRACK_SUPPORT""]",0.1834741483711105,0.001893640928035723,0.0,0.0,149,2.9581062237443883,5.05127380239649,5.567809827454776,8,0,0,NO_STRONG_RADIAL_PATTERN,"inherits existing sequence acceptance; raw diagnostics, no new threshold"
squat_0002,squat,cam2,REVIEW,"[""LIMITED_TRACK_SUPPORT""]",7.896682474604452,0.05514393865596526,1.1899592543981101,0.005291063655632728,76,2.7820164558845404,6.084700435652341,7.7402255948270895,8,0,0,NO_STRONG_RADIAL_PATTERN,"inherits existing sequence acceptance; raw diagnostics, no new threshold"
squat_0002,squat,cam3,REVIEW,"[""LIMITED_TRACK_SUPPORT""]",0.47079439525532574,0.00855765271669696,3.1929434880577343,0.005138052906710821,98,3.4383529176230168,7.773407659657964,8.585909717854653,7,1,0,NO_STRONG_RADIAL_PATTERN,"inherits existing sequence acceptance; raw diagnostics, no new threshold"
squat_0003,squat,cam1,REVIEW,"[""TAIL_REPROJECTION_WORSENED""]",0.46962815898998955,0.002983333511869,0.0,0.0,203,2.566529099247412,9.364754560130807,10.086313045428378,8,0,0,NO_STRONG_RADIAL_PATTERN,"inherits existing sequence acceptance; raw diagnostics, no new threshold"
squat_0003,squat,cam2,REVIEW,"[""TAIL_REPROJECTION_WORSENED""]",2.407078287413996,0.021160723722220734,0.46228409671367865,0.001430989214141271,99,1.814839422830131,6.134685833276142,6.3974858081460315,7,0,1,NO_STRONG_RADIAL_PATTERN,"inherits existing sequence acceptance; raw diagnostics, no new threshold"
squat_0003,squat,cam3,REVIEW,"[""TAIL_REPROJECTION_WORSENED""]",0.9039230564026491,0.00804844588190688,0.18067683922630842,0.0009691422900843124,146,3.5024593407075457,9.262590724095103,10.715430301444794,8,0,0,NO_STRONG_RADIAL_PATTERN,"inherits existing sequence acceptance; raw diagnostics, no new threshold"
